{
  "id": "lineages-and-heritages-supplement-1",
  "title": "Lineages & Heritages Supplement 1",
  "version": "1.0.0",
  "compatibility": {
    "minimum": "13",
    "verified": "13"
  },
  "flags": {
    "canUpload": true
  },
  "packs": [
    {
      "name": "lnh-tov-lineages",
      "label": "lineages",
      "path": "packs/lnh-tov-lineages",
      "type": "Item",
      "system": "black-flag",
      "ownership": {
        "PLAYER": "OBSERVER",
        "ASSISTANT": "OWNER"
      }
    }
  ],
  "relationships": {
    "systems": [
      {
        "id": "black-flag",
        "type": "system",
        "compatibility": {}
      }
    ]
  },
  "authors": [
    {
      "name": "BirkRoss",
      "flags": {}
    }
  ],
  "description": ""
}